sample,station,month,a1,a2,a3,a4,a5,a6,a7
plmay,Akhziv,May,66.66666667,200,66.66666667,2022,0,0,0
plsept,Akhziv,September,66.66666667,666.6666667,533.3333333,600,66.66666667,0,0
plnov,Akhziv,November,800,400,400,200,0,0,0
plmar,Akhziv,March,4200,3000,333.3333333,266.6666667,133.3333333,133.3333333,0
