sample,station,month,t1,t2,t3,t4,t5,t6,t7,t8
akmay,Akhziv,May,3200,4400,5000,5600,5200,2600,1400,200
aksept,Akhziv,September,1400,2800,1200,800,600,0,200,200
aknov,Akhziv,November,35223.8806,40000,23880.59701,10149.25373,3880.597015,1194.029851,298.5074627,298.5074627
akmar,Akhziv,March,28000,43800,32000,10400,5400,1600,200,400
