sample id,station,sampling month,area,a1,a2,a3,a4,a5
nmay,Nahsholim,May,50,17.78,0.89,5.446666667,18.00333333,5.1
nsept,Nahsholim,September,100,79.66666667,70.66666667,87.66666667,41.66666667,10
nnov,Nahsholim,November,50,39.66666667,27,33,33.33333333,0.333333333
nmar,Nahsholim,March,50,33.33333333,35,17.66666667,73.66666667,8
