sample,station,month,a1,a2,a3,a4,a5,a6,a7
plmay,Akhziv,May,4600,2866.666667,1800,1666.666667,866.6666667,933.3333333,0
plsept,Akhziv,September,1550,2100,850,1000,800,2350,200
plnov,Akhziv,November,11400,8200,2933.333333,1666.666667,1600,266.6666667,133.3333333
plmar,Akhziv,March,2466.666667,3466.666667,5733.333333,5933.333333,1466.666667,1733.333333,266.6666667
