sample,station,month,area,a1,a2,a3,a4,a5
plmay,Akhziv,May,50,8222,7288.666667,4600,2022,0
plsept,Akhziv,September,50,1200,2800,1533.333333,733.3333333,0
plnov,Akhziv,November,50,3800,2400,600,400,0
plmar,Akhziv,March,50,7133.333333,8866.666667,200,0,0
