sample,station,month,area,a1,a2,a3,a4,a5,a6,a7
nmay,Nahsholim,May,50,533.3333333,3533.333333,3066.666667,466.6666667,200,400,133.3333333
nsept,Nahsholim,September,100,33.33333333,0,1066.666667,200,333.3333333,1200,0
nnov,Nahsholim,November,50,533.3333333,533.3333333,200,0,0,0,0
nmar,Nahsholim,March,50,66.66666667,1666.666667,400,266.6666667,400,400,200
