sample,station,month,area,a1,a2,a3,a4,a5
plmay,Akhziv,May,50,1400,2266.666667,2000,1400,0
plsept,Akhziv,September,100,0,533.3333333,1400,2166.666667,66.66666667
plnov,Akhziv,November,50,8000,4133.333333,733.3333333,266.6666667,0
plmar,Akhziv,March,50,6133.333333,2200,1066.666667,1200,0
