sample,station,month,area,a1,a2,a3,a4,a5
plmay,Akhziv,May,50,1400,1400,1333.333333,1400,66.66666667
plsept,Akhziv,September,100,975,950,475,775,0
plnov,Akhziv,November,50,9600,4933.333333,666.6666667,1466.666667,0
plmar,Akhziv,March,50,6000,400,200,2000,0
